Contract,churn_rate,n
Month-to-month,0.4270967741935484,3875
One year,0.11269517990495587,1473
Two year,0.02831858407079646,1695
